{"cameraMode":{"drawMode":0,"name":"Shaded","section":"Shading Mode"},"sceneLighting":true,"audioPlay":false,"sceneViewState":{"m_AlwaysRefresh":false,"showFog":true,"showSkybox":true,"showFlares":true,"showImageEffects":true,"showParticleSystems":true,"showVisualEffectGraphs":true,"m_FxEnabled":true},"in2DMode":false,"pivot":{"x":0.046066831797361377,"y":0.10811543464660645,"z":0.11368390172719956},"rotation":{"x":-0.04794803261756897,"y":0.9516284465789795,"z":-0.22865723073482514,"w":-0.19955070316791535},"size":1.207395076751709,"orthographic":false}